{"count":1,"self":12800.6946816,"total":39003.5684703,"children":{"AgentSendState":{"count":5234034,"self":684.8619008,"total":3091.6788111,"children":{"CollectObservations":{"count":27740412,"self":1758.4287743999998,"total":1758.4287513,"children":null},"CollectDiscreteActionMasks":{"count":27740412,"self":98.560448,"total":98.560445,"children":null},"AgentInfo.ToProto":{"count":27740412,"self":262.58856959999997,"total":549.8277347,"children":{"GenerateSensorData":{"count":27740412,"self":287.239168,"total":287.23917259999996,"children":null}}}}},"DecideAction":{"count":5234034,"self":17151.811584,"total":17151.8108225,"children":null},"AgentAct":{"count":5234034,"self":5955.9231488,"total":5959.3830909,"children":{"AgentInfo.ToProto":{"count":112297,"self":1.8270571999999998,"total":3.4599435,"children":{"GenerateSensorData":{"count":112297,"self":1.6328863999999998,"total":1.6328863999999998,"children":null}}}}}},"gauges":{"Car.CumulativeReward":{"count":112297,"max":25.371191,"min":-20.37355,"runningAverage":-1.1206212,"value":-2.05672979,"weightedAverage":-1.66130662}},"metadata":{"timer_format_version":"0.1.0","start_time_seconds":"1591569965","unity_version":"2019.3.10f1","command_line_arguments":"C:\\Program Files\\Unity\\Hub\\Editor\\2019.3.10f1\\Editor\\Unity.exe -projectpath C:\/Users\/Kevin Haakma\/RumbleRacer -useHub -hubIPC -cloudEnvironment production -hubSessionId 2c944080-a907-11ea-af2d-bdc95927b26a","communication_protocol_version":"1.0.0","com.unity.ml-agents_version":"1.0.2-preview","scene_name":"AITraining","end_time_seconds":"1591608969"}}