{"count":1,"self":28856.6935552,"total":44379.5763837,"children":{"AgentSendState":{"count":10483618,"self":519.93728,"total":1862.3864701999998,"children":{"CollectObservations":{"count":15837202,"self":919.7051904,"total":919.7051467,"children":null},"CollectDiscreteActionMasks":{"count":15837202,"self":59.706751999999994,"total":59.706751,"children":null},"AgentInfo.ToProto":{"count":15837202,"self":182.5048832,"total":363.03730809999996,"children":{"GenerateSensorData":{"count":15837202,"self":180.53241599999998,"total":180.5324214,"children":null}}}}},"DecideAction":{"count":10483618,"self":12682.231807999999,"total":12682.231477899999,"children":null},"AgentAct":{"count":10483618,"self":969.87473919999991,"total":978.2629589,"children":{"AgentInfo.ToProto":{"count":261490,"self":4.0904739999999995,"total":8.3882424,"children":{"GenerateSensorData":{"count":261490,"self":4.2977684,"total":4.2977685,"children":null}}}}},"AgentInfo.ToProto":{"count":1,"self":0,"total":0,"children":{"GenerateSensorData":{"count":1,"self":0,"total":0,"children":null}}}},"gauges":{"Car.CumulativeReward":{"count":261490,"max":13.2896891,"min":-7.112133,"runningAverage":0.7027753,"value":0.713692069,"weightedAverage":0.73631084}},"metadata":{"timer_format_version":"0.1.0","start_time_seconds":"1590524374","unity_version":"2019.3.10f1","command_line_arguments":"C:\\Program Files\\Unity\\Hub\\Editor\\2019.3.10f1\\Editor\\Unity.exe -projectpath C:\/Users\/Kevin Haakma\/RumbleRacer -useHub -hubIPC -cloudEnvironment production -hubSessionId dc561d80-9e68-11ea-9693-817a6b25bd66","communication_protocol_version":"1.0.0","com.unity.ml-agents_version":"1.0.2-preview","scene_name":"AITraining","end_time_seconds":"1590568753"}}